id,email,username,password_hash
84,gabriel.mendez91@correo.cl,gabriel_pan_art,6cfda5ddaf09a7aa0fa8370858c8baf867a3437f5bff99ff438b3aa04cf1e6b7
18,felipe.dev86@correo.cl,felipe_dev,5889dc72a73b9516b142ae91635623fa11ea7a7c8b8f66378d625728e82d4626
11,diego.photo88@correo.cl,diego_photo,6a10ead15d68fd0a15aca9ba8f3b3b3544ba68512d00d75b49aea05c230e44b7
10,valeria.fit93@correo.cl,valeria_fit,31b9356e47142462f158b07ef4caf1c907fabd2fcea2ae837f1fefad5d3342ca
90,david.ortiz28@correo.cl,david_soldador,e9b13c0da3297746ed6d15cdc9bb2a1691800e04017106edb4324dad6f477662
53,javier.valdes45@correo.cl,javier_trekking,96cae35ce8a9b0244178bf28e4966c2ce1b8385723a96a6b838858cdd6ca0a1e
8,sofia.panaderia@correo.cl,sofia_pastry,926375cf6f65d46bce365e36aa217bf60d8e1ae5ca08b12e7f84ffe343f1c050
33,daniela.makeup87@correo.cl,daniela_makeup,83de50221927319649d970e5245b755ede925e0a91f3926faf3c8bb53ba76544
38,miguel.flores78@correo.cl,miguel_prof,daaad6e5604e8e17bd9f108d91e26afe6281dac8fda0091040a7a6d7bd9b43b5
78,jorge.cifuentes68@correo.cl,jorge_lutheria,6ad83077e84a260782235d682dbd370029690081af5b7d6cc9df7556dc4f14ea
62,lucia.espinoza50@correo.cl,lucia_boxing,1cc2a3b3d71f98715226c6b143dedb09fe60a1fbf157df0c8aae929ac0111cca
35,pamela.nurse91@correo.cl,pamela_nurse,c3b0ae4e94ce20135c7aa84e856ff41858cccb03d74cd4da6109c2234f31d3b1
79,daniel.contreras45@correo.cl,daniel_dj,56ba1a854d1b11ea46aee65d1601898cabb544ede42507707ffae9af396e1896
56,camila.morales55@correo.cl,camila_gym,6f353fcbc007e308c9f9bb30b839ef23a4ee086997f51caad3dfea513c2fae39
57,alejandro.rojas41@correo.cl,alejandro_basket,f49617e65266a51cc6ac1a7d153fe45f93bb56da825d85f4e150009b04a1ac03
64,antonia.gonzalez61@correo.cl,antonia_pilates,aadf64cfecd82672ea0028205778c055625fcc7068238ff00bb6aac9841bc973
70,elena.rodriguez42@correo.cl,elena_pinta,545f46ec94be445ec5fadefd49fd1d48bd40a09ed5053712596b7e34946b8ef0
23,isabela.artist93@correo.cl,isabela_artist,4359770242d670b772057183f8314016690e86b42545fbb393dc1f5389414099
76,raquel.morales52@correo.cl,raquel_ceramica,d54be1d87c456fe90edaf5e2906b00ff4eaaf811fa4a04e0c2634b4b6d02e941
67,jorge.vargas62@correo.cl,jorge_weights,b842cc1bc8349da854751e9312be27c34310d9fcf706904301d4aba6e9d89c9d
36,roberto.gonzalez12@correo.cl,roberto_conta,15e2b0d3c33891ebb0f1ef609ec419420c20e320ce94c65fbc8c3312448eb225
73,matias.romero31@correo.cl,matias_pan,6fd5a6af090f55c0458c26082271d1b05cfb6731fa8175ecd9d8b44917f9b795
72,lucia.fernandez78@correo.cl,lucia_soprano,ba61ebf530e21bc083f5dacabe6fd56f12b533020a1e9ccc8d13a36a2dee0c85
24,sebastian.fitness89@correo.cl,sebastian_fit,8b9ef97a4be88fc7f65d7d8230bb0c52d1ccd9849409a6287b1ee16793cf1ffb
87,carlos.sepulveda47@correo.cl,carlos_agro,4447d0ccde0da5692bfa22c654acf88d75d1a48a72d71fcb5b384b5da0705f09
39,alejandra.lopez23@correo.cl,alejandra_arch,bcb15f821479b4d5772bd0ca866c00ad5f926e3580720659cc80d39c9d09802a
25,gabriela.psych88@correo.cl,gabriela_psych,88a134638902a5174a71f867d093bd79107169fa5580ea4bcda0ce56ad910e10
6,juana.rios99@correo.cl,juana_rios,eb4e37d11790b55c57a89cda3c3f8c4fee5c1bf96d33aba636c4be9f5abad916
30,emilio.retro81@correo.cl,emilio_retro,dde1f83ceb75e58dab2c06199762f5e7432430735c11daa4a9b0404f82d3dbdd
31,camila.lawyer86@correo.cl,camila_lawyer,cf526f7f50bb04ffbf46363aa22621974a5b25ea576a8de439c69d2acaf777d8
17,sandra.yoga89@correo.cl,sandra_yoga,3bcab551290018a716bc7bfb68d30a87a08fc60eacd9eed851ed93607ae0ff79
12,catalina.vet90@correo.cl,catalina_vet,10d9572f8ce56f50bd1374a1861a94b0ecbe64f0d88572d1465f32f0d5e2925e
83,beatriz.nunez58@correo.cl,beatriz_flauta,64c8a0f50fb6e78e5b9657fb28a84e5209c7764bc30b7f58aecb4b5bdede4251
20,ramon.barista87@correo.cl,ramon_barista,a1c856d28932b068586972a21ef5b75c63102bd893a144e0c4fd21f6e651ebe3
58,valentina.soto67@correo.cl,valentina_swim,faa2c9de7fb6952d6b086ceaddc0e4d53a11e5c78000e2cd8efb5dbca8985c62
15,alejandro.book88@correo.cl,alejandro_book,b60d685728fa3948f31c99949614cfd0cd3143f76e5cd991c659b43147d63114
92,luis.pino19@correo.cl,luis_agricultor,a66a5724ca083e4f816da781524d10754aa6ff7c8506ed9d5d88064fdbeec7e8
28,marcus.tech@correo.cl,marcus_tech,55bfc2cdc654369e0893af2532c65bee92aa1db0dd9fe578d07ad8ef63c29bef
99,mateo.ramirez26@correo.cl,martinez_ganadero,4e134e66e96c9b3dcdc2851b1419d237e70b224882a5db9cb58e05aa13abe67f
54,paula.quintana32@correo.cl,paula_runner,91b4d142823f7d20c5f08df69122de43f35f057a988d9619f6d3138485c9a203
1,jaimito.armani03@correo.cl,jaimito_ar,0dbb4f0fa10a2700d6b6cd2f111ffa934243c1f0cd9cc1f007dd7e210c697cab
21,lorena.coach92@correo.cl,lorena_coach,69e460cbc6f2663b31c9caa5624c1ea60f3ee077a06824f308112fa2233c1427
60,sofia.reyes72@correo.cl,sofia_climbing,f4c3728a03044f198713434ba8e34f2c01f5f08a83ec236cac79937faba5e262
29,valentina.nails94@correo.cl,valentina_nails,42c6f58fff8635b1c50ddc745338a875de8ee154234c3b6d2229ff7d3795feef
48,lorena.reyes71@correo.cl,lorena_prof,d87c386492b754a7237dc91dff1554b9fe6b62a57581bc9c9d87251e79562909
19,monica.dance91@correo.cl,monica_dance,f4b192acb37c8177a0ebc18fdc778356fcd67d2f6599baf9f9e52315ae780ad2
7,anderson.silva91@correo.cl,anderson_91,cf8647f4d8c187c75db9bbc8f0b236a126080b2960cd2b61b2cb5cad604bd53b
49,fabian.rivera39@correo.cl,fabian_abog,94fac3720db14fb92b601a50abe1383b9ca7b5a6825eb0f9c0ec71774a9cc62d
13,pablo.music85@correo.cl,pablo_music,3ca209d62485f2fc6989de3d81cb3b7373c5b1ed48cc1882069839665658081d
63,rafael.contreras73@correo.cl,rafael_soccer,2b8d0ef8c32b4a625278133699e33f1b72d2229f4372e1d10618af424d189bf2
2,maria.garcia92@correo.cl,mariasg,8d969eef6ecad3c29a3a629280e686cf0c3f5d5a86aff3ca12020c923adc6c92
44,soledad.cortes42@correo.cl,soledad_dent,fee9bdfc5e09de5926d00ef09756f14238ce3fc29e235144bf73ff2d00af45a0
4,lupita.rod92@correo.cl,lupita_92,65e84be33532fb784c48129675f9eff3a682b27168c0ea744b2cf58ee02337c5
61,carlos.medina84@correo.cl,carlos_kayak,7adec45102763888bdd91a0a93e1dc05a1f4221fc1b269e4cde431ac8defb064
42,carolina.perez34@correo.cl,carolina_sec,1c8bfe8f801d79745c4631d09fff36c82aa37fc4cce4fc946683d7b336b63032
86,ignacio.riquelme75@correo.cl,ignacio_fonico,e1a1b2e64277f77aad5b636a64c6fb735908525cd36913d44ce72fbf1269784c
5,jc.medina88@correo.cl,juan_medina,4b60e69f860b6343f9198efa4f584b766aded9bc0644acf7a62a3a01275e5db5
96,monica.gonzalez58@correo.cl,monica_jardinera,42d281959984bb67125b9419a8d3407e313d8401680b4a64b2ce067d8a80d258
98,sergio.rojas33@correo.cl,sergio_tecnico,cd833a64449debcd6f5c29e2326993bf487f27f8a9b03c53d9012ddd87f14ab8
37,patricia.morales45@correo.cl,patricia_ing,0b14d501a594442a01c6859541bcb3e8164d183d32937b851835442f69d5c94e
95,enrique.munoz41@correo.cl,enrique_cartero,c36ad0306e0ab77b04ddb6562ac205888428e98b66ed23a05ca1f737dfb0321e
66,isabel.pacheco86@correo.cl,isabel_referee,ec67242fa63a32f2808625436cf5422a20583d9feb371fff69d8a1a19bd9e9e9
68,ana.ramirez77@correo.cl,ana_cycling,5dfd277b2dc0f8ba56e6d97dc81f86d5dbd7d43e24892ab04b991a79b11d3176
100,valeria.silva74@correo.cl,valeria_enfermera,98874da0a0af0ccad85edf3ee5b035aa12e985511d4a1a3927a7d8b1251093dd
26,jorge.football90@correo.cl,jorge_football,35fa1b6b9615316d625cf810a0526186eb7f99fd483b809397704eba936b31cb
34,ricardo.wine84@correo.cl,ricardo_wine,475e1153009d3686e6780c485731ad3b9b279156fd014bdd2c743cd7340db58a
71,carlos.sanhueza55@correo.cl,carlos_violin,a564d1a4f1d1215f8ed0318374d6d351fffc7d0005168d74dd681ba6390f8ed5
41,marcela.ruiz89@correo.cl,marcela_vend,240be518fabd2724ddb6f04eeb1da5967448d7e831c08c8fa822809f74c720a9
93,pablo.vasquez52@correo.cl,pablo_pescador,22cf1e9f7a998a3bce42e66835acabfb9fbc7e6cebcb374c1aa3e6272af589f2
32,luis.mechanic79@correo.cl,luis_mechanic,c3b9c0e765eed7b7fa58ab5de738d28b7a1948c65e2d0a8a0d2c25b5e2c9a444
59,miguel.flores38@correo.cl,miguel_rugby,51d6187cd10619d6f8bf928d00359924cbb8c80d558002d8d6f75d96ba36e5c8
16,rodrigo.photo94@correo.cl,rodrigo_photo,24555daab9625a160369c43351a203625387bfc508ce48dba5c9065bc7599af4
46,beatriz.castillo25@correo.cl,beatriz_conta,284fff3bd254b48cca05a8bfc4fad69e05cad0d086513a034a66a118829e6fa4
3,carlos.h85@correo.cl,carlos_h,5e884898da28047151d0e56f8dc6292773603d0d6aabbdd62a11ef721d1542d8
88,juan.morales32@correo.cl,juan_electro,2ccfb708f36d26073231d013c9dc5056c193b14629b1c4f9a5f5422f234b9e2e
77,patricia.espinoza79@correo.cl,patricia_tejida,b3de3e5fa2f2479411c488cf678f7944d9f222ed861d64dcaa32b36bd69892d7
81,miguel.ramirez83@correo.cl,miguel_ilustra,792e9ae82042c2f680baa6cd3ea13a1cfb333726526a730c9c000deb1bd35238
45,andres.valenzuela11@correo.cl,andres_vet,58fc584e9905eaabe46cfe91a47debfa524356bb7d0ef6476d5a94048dd90885
65,ignacio.sanchez49@correo.cl,ignacio_trail,5526a440489d854434cacd40f1bff6739495edd940fc806271a35bd99427b6b5
9,mateo.gamer87@correo.cl,mateo_gamer,899e7f7e95bb4f53aeb40e8826fb36793e8d2dfed3eac3801a24deed9275bf25
52,javier.soto88@correo.cl,javier_admin,406567e940bf8642fd38f0c8dba8834a54aa07f24e5a944d1786d59c56ecd5d6
55,diego.hernandez28@correo.cl,diego_ciclist,88b1cca59060320e5e5662a7da636884eb7580f4dc7e22cfb6f88b8f99045a71
14,jessica.cook92@correo.cl,jessica_cook,d50c7139af5778afabcf88df50475cfcde7166ba51b613e12914ac1692d0ff8c
89,maria.fernandez61@correo.cl,maria_enfermeria,4699ed8b06a852fce75762a6151afd5b9628e1cc3e9606da2dd456a29150a584
85,alejandra.riquelme64@correo.cl,alejandra_vinos2,ef290e359e9e5d23b43959de3a5e45f93b45c99ab16d4eac66782251e8a5041e
27,estela.travel85@correo.cl,estela_travel,65e462e10c25480d5b98cf1b3adf221d51f91f3b74fb24f44f981c4bbcfa044d
51,veronica.silva16@correo.cl,veronica_sec,783aeeecdc14447eb25990cc0ef58afcab0ae674fbf42fb21a5b1ae129be8b8f
40,fernando.diaz56@correo.cl,fernando_abog,e4ad93ca07acb8d908a3aa41e920ea4f4ef4f26e7f86cf8291c5db289780a5ae
97,roberto.martinez69@correo.cl,martinez_pedagogia,aff57de7e2ca1f030f8dcc09fa94acaa7486168191a4272b13d72394a00b468d
82,rosario.garcia74@correo.cl,rosario_esculpe,498757cec36d06a351bed5637b3ae48a5417151587193a75156d52aeb3c7ef0d
50,sandra.gomez64@correo.cl,sandra_vend,3e6dc62f220c57f4e44e3dd541c175b3a4fd22986bafa16d47ce3d4c2b224ac8
43,raul.medina67@correo.cl,raul_admin,6ca13d52ca70c883e0f0bb101e425a89e8624de51db2d2392593af6a84118090
22,fernando.surf86@correo.cl,fernando_surf,c9a245d107a5a644a8149a92eef5d2923b084bd560ade6779d0ddd7e5c70d912
94,andres.contreras37@correo.cl,andres_bombero,ab8bfc2f94dd86f9bcb7e1abbf5da15bfb673efa3f2c804169ebb8a026d07d56
75,antonio.araya67@correo.cl,antonio_vinos,dabb0a582ed8552acb1b737c3005bbc9f55f5a8c5e20fd1db883decf6948487b
74,sofia.valencia86@correo.cl,sofia_tortas,7bc903de32d936c8cf9212c2572cd31a882358f4e3a5fe92f45cf064a3dc65ce
47,ignacio.herrera58@correo.cl,ignacio_ing,649a507b53359ecd0e0d662ad4261bfe255ec06b40f0dbb7ac74818d9e93dd19
91,rodrigo.diaz45@correo.cl,rodrigo_chofer,66af6d100165d20dc81f878073d0426de5dce2fd4fef08e888a348378bebc07e
69,nicolas.torres54@correo.cl,nicolas_trainer,c0b2f4d4ee920867057cdc0d3847870d11d4aa8ce260efa066d5404cc7e0a40e
80,viviana.poblete61@correo.cl,viviana_escribe,df8c875e431d929e7c329611d2f066fecfd967224bfc71db9fc9f8261de93fed
